Date,Sales,Month,Day,DayOfWeek,Quarters,DayName,Lag1,Lag7,Lag14,Lag30,Rolling_Mean_7,Rolling_Mean_14,Rolling_Mean_30
2011-01-16,6976.39,1,16,6,1,Sunday,47554.58,28836.59,26766.23,58776.79,29797.51857142857,27998.102857142858,36303.253666666664
2011-01-17,29262.72,1,17,0,1,Monday,6976.39,15590.68,47279.89,47629.42,31750.66714285714,26711.162142857145,35691.030333333336
2011-01-18,95947.73000000001,1,18,1,1,Tuesday,29262.72,24553.07,6199.97,46898.63,41949.90428571428,33121.71642857143,37326.00033333334
2011-01-19,25874.57,1,19,2,1,Wednesday,95947.73000000001,68630.54,12071.91,31364.63,35841.908571428576,34107.62071428572,37142.99833333333
2011-01-20,21199.34,1,20,3,1,Thursday,25874.57,24664.579999999998,16005.73,54624.15,35346.874285714286,34478.59285714286,36028.837999999996
2011-01-21,32636.55,1,21,4,1,Friday,21199.34,20612.79,32630.27,99553.85,37064.55428571429,34479.04142857143,33798.261333333336
2011-01-23,10306.1,1,23,6,1,Sunday,32636.55,47554.58,40366.45,45235.36,31743.342857142856,32331.873571428576,32633.952666666668
2011-01-24,25494.49,1,24,0,1,Monday,10306.1,6976.39,28836.59,53548.19,34388.78571428572,32093.152142857143,31698.829333333335
2011-01-25,28952.55,1,25,1,1,Tuesday,25494.49,29262.72,15590.68,59021.02,34344.47571428572,33047.57142857143,30696.547
2011-01-26,19855.92,1,26,2,1,Wednesday,28952.55,95947.73000000001,24553.07,17125.65,23474.217142857142,32712.06071428571,30787.556
2011-01-27,23624.3,1,27,3,1,Thursday,19855.92,25874.57,68630.54,37942.37,23152.75,29497.329285714284,30310.287
2011-01-28,20064.35,1,28,4,1,Friday,23624.3,21199.34,24664.579999999998,45167.56,22990.608571428573,29168.74142857143,29473.513333333332
2011-01-30,6542.61,1,30,6,1,Sunday,20064.35,32636.55,20612.79,30384.37,19262.902857142857,28163.72857142857,28678.788
2011-01-31,23628.71,1,31,0,1,Monday,6542.61,10306.1,47554.58,49114.14,21166.132857142857,26454.73785714286,27829.273666666664
2011-02-01,29013.29,2,1,1,1,Tuesday,23628.71,25494.49,6976.39,45338.13,21668.81857142857,28028.80214285714,27285.112333333334
2011-02-02,21162.12,2,2,2,1,Wednesday,29013.29,28952.55,29262.72,7410.47,20555.899999999998,27450.187857142857,27743.500666666667
2011-02-03,23467.73,2,3,3,1,Thursday,21162.12,19855.92,95947.73000000001,26766.23,21071.872857142855,22273.045000000002,27633.550666666666
2011-02-04,25135.84,2,4,4,1,Friday,23467.73,23624.3,25874.57,47279.89,21287.807142857142,22220.278571428575,26895.415666666664
2011-02-06,3439.67,2,6,6,1,Sunday,25135.84,20064.35,21199.34,6199.97,18912.852857142858,20951.730714285713,26803.40566666667
2011-02-07,25922.97,2,7,0,1,Monday,3439.67,6542.61,32636.55,12071.91,21681.475714285716,20472.18928571429,27265.107666666667
2011-02-08,20935.23,2,8,1,1,Tuesday,25922.97,23628.71,10306.1,16005.73,21296.692857142858,21231.412857142856,27429.424333333336
2011-02-09,16682.63,2,9,2,1,Wednesday,20935.23,29013.29,25494.49,32630.27,19535.170000000002,20601.994285714285,26897.836333333336
2011-02-10,14853.31,2,10,3,1,Thursday,16682.63,21162.12,28952.55,40366.45,18633.911428571428,19594.905714285713,26047.39833333333
2011-02-11,22853.6,2,11,4,1,Friday,14853.31,23467.73,19855.92,28836.59,18546.178571428572,19809.02571428571,25847.965333333334
2011-02-13,5645.48,2,13,6,1,Sunday,22853.6,25135.84,23624.3,15590.68,15761.841428571428,18524.824285714283,25516.458666666666
2011-02-14,26668.91,2,14,0,1,Monday,5645.48,3439.67,20064.35,24553.07,19080.304285714286,18996.578571428574,25586.986666666668
2011-02-15,39841.71,2,15,1,1,Tuesday,26668.91,25922.97,6542.61,68630.54,21068.695714285714,21375.085714285717,24627.359
2011-02-16,24863.85,2,16,2,1,Wednesday,39841.71,20935.23,23628.71,24664.579999999998,21629.92714285714,21463.309999999998,24634.001333333334
2011-02-17,26357.52,2,17,3,1,Thursday,24863.85,16682.63,29013.29,20612.79,23012.054285714286,21273.612142857142,24825.49233333333
2011-02-18,16184.42,2,18,4,1,Friday,26357.52,14853.31,21162.12,47554.58,23202.212857142855,20918.062142857143,23779.820333333333
2011-02-20,9437.8,2,20,6,1,Sunday,16184.42,22853.6,23467.73,6976.39,21285.670000000002,19915.924285714285,23861.867333333335
2011-02-21,36311.4,2,21,0,1,Monday,9437.8,5645.48,25135.84,29262.72,25666.515714285717,20714.178571428572,24096.82333333333
2011-02-22,32454.5,2,22,1,1,Tuesday,36311.4,26668.91,3439.67,95947.73000000001,26493.028571428575,22786.66642857143,21980.38233333333
2011-02-23,26859.5,2,23,2,1,Wednesday,32454.5,39841.71,25922.97,25874.57,24638.42714285714,22853.56142857143,22013.21333333333
2011-02-24,22800.89,2,24,3,1,Thursday,26859.5,24863.85,20935.23,21199.34,24343.71857142857,22986.82285714286,22066.59833333333
2011-02-25,20595.19,2,25,4,1,Friday,22800.89,26357.52,16682.63,32636.55,23520.528571428567,23266.29142857143,21665.219666666664
2011-02-27,9382.71,2,27,6,1,Sunday,20595.19,16184.42,14853.31,10306.1,22548.855714285713,22875.534285714286,21634.44
2011-02-28,21675.29,2,28,0,1,Monday,9382.71,9437.8,22853.6,25494.49,24297.06857142857,22791.36928571429,21507.133333333335
2011-03-01,26344.68,3,1,1,1,Tuesday,21675.29,36311.4,5645.48,28952.55,22873.251428571424,24269.88357142857,21420.204333333335
2011-03-02,18669.94,3,2,2,1,Wednesday,26344.68,32454.5,26668.91,19855.92,20904.028571428567,23698.528571428575,21380.67166666667
2011-03-03,36367.14,3,3,3,1,Thursday,18669.94,26859.5,39841.71,23624.3,22262.262857142858,23450.344999999998,21805.433
2011-03-04,19486.88,3,4,4,1,Friday,36367.14,22800.89,24863.85,20064.35,21788.83285714286,23066.27571428571,21786.184
2011-03-06,9959.62,3,6,6,1,Sunday,19486.88,20595.19,26357.52,6542.61,20269.465714285714,21894.99714285714,21900.084333333336
2011-03-07,32318.72,3,7,0,1,Monday,9959.62,9382.71,16184.42,23628.71,23546.038571428573,23047.447142857145,22189.751333333334
2011-03-08,25035.12,3,8,1,1,Tuesday,32318.72,21675.29,9437.8,29013.29,24026.014285714286,24161.54142857143,22057.145666666667
2011-03-09,22013.2,3,9,2,1,Wednesday,25035.12,26344.68,36311.4,21162.12,23407.231428571427,23140.24142857143,22085.515
2011-03-10,26118.27,3,10,3,1,Thursday,22013.2,18669.94,32454.5,23467.73,24471.278571428575,22687.653571428567,22173.86633333333
2011-03-11,25473.93,3,11,4,1,Friday,26118.27,36367.14,26859.5,25135.84,22915.105714285713,22588.684285714287,22185.136000000002
2011-03-13,4117.22,3,13,6,1,Sunday,25473.93,19486.88,22800.89,3439.67,20719.44,21254.136428571426,22207.721
2011-03-14,25876.63,3,14,0,1,Monday,4117.22,9959.62,20595.19,25922.97,22993.29857142857,21631.382142857143,22206.176333333333
2011-03-15,23453.34,3,15,1,1,Tuesday,25876.63,32318.72,9382.71,20935.23,21726.815714285713,22636.427142857145,22290.11333333333
2011-03-16,21842.81,3,16,2,1,Wednesday,23453.34,25035.12,21675.29,16682.63,21270.77142857143,22648.39285714286,22462.119333333336
2011-03-17,39852.51,3,17,3,1,Thursday,21842.81,22013.2,26344.68,14853.31,23819.24428571429,23613.237857142853,23295.426
2011-03-18,28107.65,3,18,4,1,Friday,39852.51,26118.27,18669.94,22853.6,24103.441428571434,24287.359999999997,23470.561
2011-03-20,21949.68,3,20,6,1,Sunday,28107.65,25473.93,36367.14,5645.48,23599.977142857144,23257.54142857143,24014.034333333333
2011-03-21,16679.47,3,21,0,1,Monday,21949.68,4117.22,19486.88,26668.91,25394.584285714285,23057.012142857147,23681.053
2011-03-22,31468.23,3,22,1,1,Tuesday,16679.47,25876.63,9959.62,39841.71,26193.38428571429,24593.34142857143,23401.937
2011-03-23,24078.89,3,23,2,1,Wednesday,31468.23,23453.34,32318.72,24863.85,26282.74857142857,24004.782142857144,23375.771666666664
2011-03-24,36496.79,3,24,3,1,Thursday,24078.89,21842.81,25035.12,26357.52,28376.174285714285,24823.472857142857,23713.747333333336
2011-03-25,31362.56,3,25,4,1,Friday,36496.79,39852.51,22013.2,16184.42,27163.324285714287,25491.284285714286,24219.685333333335
2011-03-27,9206.72,3,27,6,1,Sunday,31362.56,28107.65,26118.27,9437.8,24463.191428571427,24283.316428571434,24211.982666666667
2011-03-28,23133.23,3,28,0,1,Monday,9206.72,21949.68,25473.93,36311.4,24632.27,24116.12357142857,23772.710333333336
2011-03-29,70711.92,3,29,1,1,Tuesday,23133.23,16679.47,4117.22,32454.5,32351.191428571427,28872.88785714286,25047.95766666667
2011-03-30,31821.71,3,30,2,1,Wednesday,70711.92,31468.23,25876.63,26859.5,32401.688571428567,29297.536428571428,25213.36466666667
2011-03-31,34268.4,3,31,3,1,Thursday,31821.71,24078.89,23453.34,22800.89,33857.33285714286,30070.040714285715,25595.615
2011-04-01,25565.64,4,1,4,2,Friday,34268.4,36496.79,21842.81,20595.19,32295.739999999998,30335.957142857143,25761.29666666667
2011-04-03,6897.18,4,3,6,2,Sunday,25565.64,31362.56,39852.51,9382.71,28800.68571428571,27982.005,25678.445666666667
2011-04-04,33234.48,4,4,0,2,Monday,6897.18,9206.72,28107.65,21675.29,32233.222857142857,28348.207142857143,26063.752
2011-04-05,30052.82,4,5,1,2,Tuesday,33234.48,23133.23,21949.68,26344.68,33221.735714285714,28927.00285714286,26187.35666666667
2011-04-06,17338.36,4,6,2,2,Wednesday,30052.82,70711.92,16679.47,18669.94,25596.941428571427,28974.066428571427,26142.970666666668
2011-04-07,18465.44,4,7,3,2,Thursday,17338.36,31821.71,31468.23,36367.14,23688.902857142857,28045.295714285716,25546.247333333336
2011-04-08,25240.59,4,8,4,2,Friday,18465.44,34268.4,24078.89,19486.88,22399.21571428571,28128.274285714288,25738.037666666667
2011-04-10,9879.75,4,10,6,2,Sunday,25240.59,25565.64,36496.79,9959.62,20158.374285714286,26227.057142857146,25735.375333333333
2011-04-11,22345.93,4,11,0,2,Monday,9879.75,6897.18,31362.56,32318.72,22365.338571428572,25583.012142857147,25402.949
2011-04-12,25534.94,4,12,1,2,Tuesday,22345.93,33234.48,9206.72,25035.12,21265.404285714285,26749.31357142857,25419.609666666667
2011-04-13,24450.27,4,13,2,2,Wednesday,25534.94,30052.82,23133.23,22013.2,20465.04,26843.387857142858,25500.84533333334
2011-04-14,36084.1,4,14,3,2,Thursday,24450.27,17338.36,70711.92,26118.27,23143.00285714286,24369.972142857147,25833.039666666667
2011-04-15,28311.821,4,15,4,2,Friday,36084.1,18465.44,31821.71,25473.93,24549.628714285715,24119.265785714288,25927.636033333332
2011-04-17,12630.34,4,17,6,2,Sunday,28311.821,25240.59,34268.4,4117.22,22748.164428571432,22573.69007142857,26211.4067
2011-04-18,55983.99,4,18,0,2,Monday,12630.34,9879.75,25565.64,25876.63,29334.484428571428,24746.429357142853,27214.985366666668
2011-04-19,24296.85,4,19,1,2,Tuesday,55983.99,22345.93,6897.18,23453.34,29613.187285714288,25989.26292857143,27243.102366666666
2011-04-20,28667.32,4,20,2,2,Wednesday,24296.85,25534.94,33234.48,21842.81,30060.670142857143,25663.037214285716,27470.586033333333
2011-04-21,32582.2,4,21,3,2,Thursday,28667.32,24450.27,30052.82,39852.51,31222.374428571427,25843.707214285714,27228.242366666665
2011-04-26,30999.88,4,26,1,2,Tuesday,32582.2,36084.1,17338.36,28107.65,30496.057285714287,26819.53007142857,27324.65003333333
2011-04-27,25916.15,4,27,2,2,Wednesday,30999.88,28311.821,18465.44,21949.68,30153.81857142857,27351.72364285714,27456.865700000002
2011-04-28,22490.44,4,28,3,2,Thursday,25916.15,12630.34,25240.59,16679.47,31562.404285714285,27155.284357142857,27650.564700000003
2011-05-01,6958.11,5,1,6,2,Sunday,22490.44,55983.99,9879.75,31468.23,24558.707142857143,26946.595785714282,26833.560699999998
2011-05-03,35196.21,5,3,1,2,Tuesday,6958.11,24296.85,22345.93,24078.89,26115.75857142857,27864.472928571427,27204.138033333336
2011-05-04,27521.96,5,4,2,2,Wednesday,35196.21,28667.32,25534.94,36496.79,25952.135714285712,28006.402928571424,26904.977033333333
2011-05-05,29133.41,5,5,3,2,Thursday,27521.96,32582.2,24450.27,31362.56,25459.45142857143,28340.91292857143,26830.672033333332
2011-05-06,36122.98,5,6,4,2,Friday,29133.41,30999.88,36084.1,9206.72,26191.32285714286,28343.69007142857,27727.880699999998
2011-05-08,18731.98,5,8,6,2,Sunday,36122.98,25916.15,28311.821,23133.23,25165.012857142858,27659.415714285715,27581.172366666666
2011-05-09,27883.46,5,9,0,2,Monday,18731.98,22490.44,12630.34,70711.92,25935.444285714282,28748.924285714285,26153.557033333334
2011-05-10,47756.53,5,10,1,2,Tuesday,27883.46,6958.11,55983.99,31821.71,31763.789999999997,28161.24857142857,26684.717699999997
2011-05-11,33647.85,5,11,2,2,Wednesday,47756.53,35196.21,24296.85,34268.4,31542.59571428571,28829.17714285714,26664.0327
2011-05-12,61829.27,5,12,3,2,Thursday,33647.85,27521.96,28667.32,25565.64,36443.64,31197.887857142858,27872.820366666663
2011-05-13,30679.84,5,13,4,2,Friday,61829.27,29133.41,32582.2,6897.18,36664.55857142857,31062.004999999997,28665.5757
2011-05-15,9911.38,5,15,6,2,Sunday,30679.84,36122.98,30999.88,33234.48,32920.044285714284,29555.683571428566,27888.139033333333
2011-05-16,39651.28,5,16,0,2,Monday,9911.38,18731.98,25916.15,30052.82,35908.51571428571,30536.764285714286,28208.087699999996
2011-05-17,55106.99,5,17,1,2,Tuesday,39651.28,27883.46,22490.44,17338.36,39797.59142857143,32866.517857142855,29467.04203333333
2011-05-18,34376.26,5,18,2,2,Wednesday,55106.99,47756.53,6958.11,18465.44,37886.124285714286,34824.95714285714,29997.402699999995
2011-05-19,35567.71,5,19,3,2,Thursday,34376.26,33647.85,35196.21,25240.59,38160.39,34851.49285714285,30341.640033333333
2011-05-20,26579.95,5,20,4,2,Friday,35567.71,61829.27,27521.96,9879.75,33124.77285714285,34784.20642857142,30898.313366666665
2011-05-22,24102.0,5,22,6,2,Sunday,26579.95,30679.84,29133.41,22345.93,32185.081428571426,34424.82,30956.849033333336
2011-05-23,34610.64,5,23,0,2,Monday,24102.0,9911.38,36122.98,25534.94,35713.54714285715,34316.79571428571,31259.372366666666
2011-05-24,37658.39,5,24,1,2,Tuesday,34610.64,39651.28,18731.98,24450.27,35428.84857142857,35668.68214285714,31699.643033333334
2011-05-25,24393.9,5,25,2,2,Wednesday,37658.39,55106.99,27883.46,36084.1,31041.264285714286,35419.42785714286,31309.9697
2011-05-26,33497.03,5,26,3,2,Thursday,24393.9,34376.26,47756.53,28311.821,30915.660000000003,34400.89214285714,31482.809999999998
2011-05-27,28387.93,5,27,4,2,Friday,33497.03,35567.71,33647.85,12630.34,29889.977142857144,34025.18357142857,32008.063000000002
2011-05-29,7338.9400000000005,5,29,6,2,Sunday,28387.93,26579.95,61829.27,55983.99,27141.26142857143,30133.01714285714,30386.56133333333
2011-05-31,22652.61,5,31,1,2,Tuesday,7338.9400000000005,24102.0,30679.84,24296.85,26934.205714285716,29559.643571428573,30331.753333333338
2011-06-01,20585.19,6,1,2,2,Wednesday,22652.61,34610.64,9911.38,28667.32,24930.57,30322.058571428573,30062.349
2011-06-02,32800.49,6,2,3,2,Thursday,20585.19,37658.39,39651.28,32582.2,24236.58428571428,29832.716428571428,30069.625333333333
2011-06-03,16895.1,6,3,4,2,Friday,32800.49,24393.9,55106.99,30999.88,23165.32714285714,27103.295714285716,29599.466
2011-06-05,25423.760000000002,6,5,6,2,Sunday,16895.1,33497.03,34376.26,25916.15,22012.002857142856,26463.83142857143,29583.053
2011-06-06,17767.12,6,6,0,2,Monday,25423.760000000002,28387.93,35567.71,22490.44,20494.744285714285,25192.360714285718,29425.608999999997
2011-06-07,37857.31,6,7,1,2,Tuesday,17767.12,7338.9400000000005,26579.95,6958.11,24854.511428571426,25997.88642857143,30455.582333333332
2011-06-08,43194.43,6,8,2,2,Wednesday,37857.31,22652.61,24102.0,35196.21,27789.05714285714,27361.63142857143,30722.189666666665
2011-06-09,46341.52,6,9,3,2,Thursday,43194.43,20585.19,34610.64,27521.96,31468.532857142854,28199.551428571427,31349.508333333335
2011-06-10,62234.439999999995,6,10,4,2,Friday,46341.52,32800.49,37658.39,29133.41,35673.38285714285,29954.98357142857,32452.876
2011-06-12,12441.94,6,12,6,2,Sunday,62234.439999999995,16895.1,24393.9,36122.98,35037.21714285714,29101.272142857142,31663.507999999998
2011-06-13,22434.76,6,13,0,2,Monday,12441.94,25423.760000000002,33497.03,18731.98,34610.21714285714,28311.109999999997,31786.934
2011-06-14,40447.53,6,14,1,2,Tuesday,22434.76,17767.12,28387.93,27883.46,37850.275714285715,29172.51,32205.73633333333
2011-06-15,48974.63,6,15,2,2,Wednesday,40447.53,37857.31,7338.9400000000005,47756.53,39438.46428571428,32146.487857142853,32246.33966666667
2011-06-16,34529.01,6,16,3,2,Thursday,48974.63,43194.43,22652.61,33647.85,38200.54714285715,32994.802142857145,32275.711666666666
2011-06-17,21070.47,6,17,4,2,Friday,34529.01,46341.52,20585.19,61829.27,34590.39714285714,33029.465000000004,30917.085000000003
2011-06-19,22421.48,6,19,6,2,Sunday,21070.47,62234.439999999995,32800.49,30679.84,28902.83142857143,32288.10714285714,30641.80633333333
2011-06-20,37489.24,6,20,0,2,Monday,22421.48,12441.94,16895.1,9911.38,32481.01714285714,33759.11714285714,31561.068333333333
2011-06-21,24752.87,6,21,1,2,Tuesday,37489.24,22434.76,25423.760000000002,39651.28,32812.17571428571,33711.19642857143,31064.45466666667
2011-06-22,21799.32,6,22,2,2,Wednesday,24752.87,40447.53,17767.12,55106.99,30148.145714285714,33999.21071428571,29954.199
2011-06-23,25155.63,6,23,3,2,Thursday,21799.32,48974.63,37857.31,34376.26,26745.43142857143,33091.947857142855,29646.844666666664
2011-06-24,19516.29,6,24,4,2,Friday,25155.63,34529.01,43194.43,35567.71,24600.757142857143,31400.65214285714,29111.797333333332
2011-06-26,7032.36,6,26,6,2,Sunday,19516.29,21070.47,46341.52,26579.95,22595.312857142857,28592.855,28460.211
2011-06-27,16985.31,6,27,0,2,Monday,7032.36,22421.48,62234.439999999995,24102.0,21818.717142857142,25360.774285714288,28222.988
2011-06-28,35545.83,6,28,1,2,Tuesday,16985.31,37489.24,12441.94,34610.64,21541.08714285714,27011.05214285714,28254.161
2011-06-29,22087.47,6,29,2,2,Wednesday,35545.83,24752.87,22434.76,37658.39,21160.315714285716,26986.245714285713,27735.13033333333
2011-06-30,44763.51,6,30,3,2,Thursday,22087.47,21799.32,40447.53,24393.9,24440.914285714283,27294.530000000002,28414.11733333333
2011-07-01,13632.210000000001,7,1,4,3,Friday,44763.51,25155.63,48974.63,33497.03,22794.71142857143,24770.071428571428,27751.95666666667
2011-07-03,5972.7300000000005,7,3,6,3,Sunday,13632.210000000001,19516.29,34529.01,28387.93,20859.91714285714,22730.337142857144,27004.783333333333
2011-07-04,44609.03,7,4,0,3,Monday,5972.7300000000005,7032.36,21070.47,7338.9400000000005,26228.012857142858,24411.662857142856,28247.11966666667
2011-07-05,40754.68,7,5,1,3,Tuesday,44609.03,16985.31,22421.48,22652.61,29623.637142857147,25721.17714285714,28850.521999999997
2011-07-06,26361.28,7,6,2,3,Wednesday,40754.68,35545.83,37489.24,20585.19,28311.558571428566,24926.32285714286,29043.058333333334
2011-07-07,32412.43,7,7,3,3,Thursday,26361.28,22087.47,24752.87,32800.49,29786.552857142862,25473.434285714287,29030.123
2011-07-08,27057.35,7,8,4,3,Friday,32412.43,44763.51,21799.32,16895.1,27257.10142857143,25849.007857142857,29368.86466666667
2011-07-10,5959.54,7,10,6,3,Sunday,27057.35,13632.210000000001,25155.63,25423.760000000002,26161.00571428571,24477.858571428573,28720.057333333334
2011-07-11,22529.66,7,11,0,3,Monday,5959.54,5972.7300000000005,19516.29,17767.12,28526.28142857143,24693.09928571429,28878.808666666668
2011-07-12,26252.85,7,12,1,3,Tuesday,22529.66,44609.03,7032.36,37857.31,25903.97,26065.99142857143,28491.993333333332
2011-07-13,22620.61,7,13,2,3,Wednesday,26252.85,40754.68,16985.31,43194.43,23313.388571428568,26468.512857142858,27806.199333333334
2011-07-14,33560.26,7,14,3,3,Thursday,22620.61,26361.28,35545.83,46341.52,24341.81428571429,26326.68642857143,27380.157333333333
2011-07-15,14793.83,7,15,4,3,Friday,33560.26,32412.43,22087.47,62234.439999999995,21824.871428571427,25805.71214285714,25798.803666666667
2011-07-17,17154.26,7,17,6,3,Sunday,14793.83,27057.35,44763.51,12441.94,20410.144285714287,23833.622857142855,25955.880999999998
2011-07-18,38814.88,7,18,0,3,Monday,17154.26,5959.54,13632.210000000001,22434.76,25103.764285714282,25632.385000000002,26501.885
2011-07-19,50166.76,7,19,1,3,Tuesday,38814.88,22529.66,5972.7300000000005,40447.53,29051.921428571426,28789.101428571426,26825.85933333333
2011-07-20,33252.33,7,20,2,3,Wednesday,50166.76,26252.85,44609.03,48974.63,30051.847142857143,27977.90857142857,26301.782666666666
2011-07-21,32695.77,7,21,3,3,Thursday,33252.33,22620.61,40754.68,34529.01,31491.155714285713,27402.272142857142,26240.674666666666
2011-07-22,20119.97,7,22,4,3,Friday,32695.77,33560.26,26361.28,21070.47,29571.114285714288,26956.464285714286,26208.99133333333
2011-07-24,27080.46,7,24,6,3,Sunday,20119.97,14793.83,32412.43,22421.48,31326.347142857143,26575.609285714283,26364.290666666664
2011-07-25,26876.39,7,25,0,3,Monday,27080.46,17154.26,27057.35,37489.24,32715.222857142857,26562.683571428573,26010.529
2011-07-26,21635.561,7,26,1,3,Tuesday,26876.39,38814.88,5959.54,24752.87,30261.03442857143,27682.399357142855,25906.6187
2011-07-27,25593.74,7,27,2,3,Wednesday,21635.561,50166.76,22529.66,21799.32,26750.603000000003,27901.26221428571,26033.09936666667
2011-07-28,56243.32,7,28,3,3,Thursday,25593.74,33252.33,26252.85,25155.63,30035.03014285714,30043.43864285714,27069.355700000004
2011-07-29,18716.54,7,29,4,3,Friday,56243.32,32695.77,22620.61,19516.29,28037.997285714286,29764.5765,27042.697366666667
2011-07-31,33209.68,7,31,6,3,Sunday,18716.54,20119.97,33560.26,7032.36,29907.955857142857,29739.53507142857,27915.2747
2011-08-01,21358.64,8,1,0,3,Monday,33209.68,27080.46,14793.83,16985.31,29090.553000000004,30208.450071428575,28061.052366666667
2011-08-02,26575.55,8,2,1,3,Tuesday,21358.64,26876.39,17154.26,35545.83,29047.575857142856,30881.39935714286,27762.04303333333
2011-08-03,28068.2,8,3,2,3,Wednesday,26575.55,21635.561,38814.88,22087.47,29966.524285714288,30113.77935714286,27961.400700000002
2011-08-04,65496.79,8,4,3,3,Thursday,28068.2,25593.74,50166.76,44763.51,35666.96,31208.7815,28652.510033333332
2011-08-05,21417.13,8,5,4,3,Friday,65496.79,56243.32,33252.33,13632.210000000001,30691.79,30363.410071428574,28912.007366666665
2011-08-07,7543.86,8,7,6,3,Sunday,21417.13,18716.54,32695.77,5972.7300000000005,29095.692857142858,28566.845071428572,28964.378366666668
2011-08-08,23363.01,8,8,0,3,Monday,7543.86,33209.68,20119.97,44609.03,27689.02571428571,28798.490785714286,28256.1777
2011-08-09,27672.24,8,9,1,3,Tuesday,23363.01,21358.64,27080.46,40754.68,28590.96857142857,28840.760785714287,27820.09636666667
2011-08-10,28780.05,8,10,2,3,Wednesday,27672.24,26575.55,26876.39,26361.28,28905.897142857142,28976.7365,27900.72203333333
2011-08-11,72372.89,8,11,3,3,Thursday,28780.05,28068.2,21635.561,32412.43,35235.13857142857,32600.83142857143,29232.737366666668
2011-08-12,32231.35,8,12,4,3,Friday,72372.89,65496.79,25593.74,27057.35,30482.932857142856,33074.94642857143,29405.20403333333
2011-08-14,5701.87,8,14,6,3,Sunday,32231.35,21417.13,56243.32,5959.54,28237.895714285718,29464.842857142856,29396.61503333333
2011-08-15,17235.95,8,15,0,3,Monday,5701.87,7543.86,18716.54,22529.66,29622.48,29359.086428571427,29220.158033333333
2011-08-16,19234.53,8,16,1,3,Tuesday,17235.95,23363.01,33209.68,26252.85,29032.697142857145,28360.86142857143,28986.214033333334
2011-08-17,53284.76,8,17,2,3,Wednesday,19234.53,27672.24,21358.64,22620.61,32691.62857142857,30641.29857142857,30008.352366666666
2011-08-18,54059.1,8,18,3,3,Thursday,53284.76,28780.05,26575.55,33560.26,36302.92142857143,32604.409285714286,30691.647033333335
2011-08-19,17336.07,8,19,4,3,Friday,54059.1,72372.89,28068.2,14793.83,28440.518571428573,31837.82857142857,30776.388366666666
2011-08-21,14420.27,8,21,6,3,Sunday,17336.07,32231.35,65496.79,17154.26,25896.07857142857,28189.505714285715,30685.255366666668
2011-08-22,29645.54,8,22,0,3,Monday,14420.27,5701.87,21417.13,38814.88,29316.602857142858,28777.249285714286,30379.6107
2011-08-23,25978.59,8,23,1,3,Tuesday,29645.54,17235.95,7543.86,50166.76,30565.55142857143,30094.015714285713,29573.33836666667
2011-08-24,48789.72,8,24,2,3,Wednesday,25978.59,19234.53,23363.01,33252.33,34787.72142857143,31910.209285714285,30091.251366666667
2011-08-25,23773.43,8,25,3,3,Thursday,48789.72,53284.76,27672.24,32695.77,30571.817142857144,31631.722857142857,29793.840033333334
2011-08-26,25610.29,8,26,4,3,Friday,23773.43,54059.1,28780.05,20119.97,26507.70142857143,31405.31142857143,29976.8507
2011-08-28,10686.56,8,28,6,3,Sunday,25610.29,17336.07,72372.89,27080.46,25557.77142857143,26999.145,29430.38736666667
2011-08-30,31837.77,8,30,1,3,Tuesday,10686.56,14420.27,32231.35,26876.39,28045.985714285718,26971.032142857144,29595.7667
2011-08-31,25367.22,8,31,2,3,Wednesday,31837.77,29645.54,5701.87,21635.561,27434.797142857144,28375.700000000004,29720.155333333336
2011-09-01,37358.62,9,1,3,3,Thursday,25367.22,25978.59,17235.95,25593.74,29060.515714285717,29813.033571428572,30112.318000000003
2011-09-02,42226.28,9,2,4,3,Friday,37358.62,48789.72,19234.53,56243.32,28122.88142857143,31455.301428571427,29645.083333333332
2011-09-04,17040.74,9,4,6,3,Sunday,42226.28,23773.43,53284.76,18716.54,27161.068571428572,28866.442857142858,29589.223333333335
2011-09-05,36898.35,9,5,0,3,Monday,17040.74,25610.29,54059.1,33209.68,28773.648571428574,27640.675,29712.179
2011-09-06,28321.06,9,6,1,3,Tuesday,36898.35,10686.56,17336.07,21358.64,31292.86285714286,28425.317142857144,29944.25966666667
2011-09-07,34413.53,9,7,2,3,Wednesday,28321.06,31837.77,14420.27,26575.55,31660.828571428574,29853.40714285714,30205.52566666667
2011-09-08,27055.88,9,8,3,3,Thursday,34413.53,25367.22,29645.54,28068.2,31902.065714285716,29668.431428571428,30171.781666666666
2011-09-09,30016.33,9,9,4,3,Friday,27055.88,37358.62,25978.59,65496.79,30853.16714285714,29956.841428571428,28989.099666666665
2011-09-11,35206.92,9,11,6,3,Sunday,30016.33,42226.28,48789.72,21417.13,29850.40142857143,28986.641428571427,29448.759333333335
2011-09-12,29526.29,9,12,0,3,Monday,35206.92,17040.74,23773.43,7543.86,31634.05142857143,29397.56,30181.506999999998
2011-09-13,55071.3,9,13,1,3,Tuesday,29526.29,36898.35,25610.29,23363.01,34230.18714285714,31501.91785714286,31238.45
2011-09-14,23578.78,9,14,2,3,Wednesday,55071.3,28321.06,10686.56,27672.24,33552.71857142857,32422.790714285715,31102.00133333333
2011-09-15,78151.97,9,15,3,3,Thursday,23578.78,34413.53,31837.77,28780.05,39801.06714285714,35730.947857142855,32747.732
2011-09-16,27720.27,9,16,4,3,Friday,78151.97,27055.88,25367.22,72372.89,39895.979999999996,35899.02285714286,31259.31133333333
2011-09-18,15639.55,9,18,6,3,Sunday,27720.27,30016.33,37358.62,32231.35,37842.154285714285,34347.66071428572,30706.251333333334
2011-09-19,49250.87,9,19,0,3,Monday,15639.55,35206.92,42226.28,5701.87,39848.43285714286,34849.41714285714,32157.88466666667
2011-09-20,109553.9,9,20,1,3,Tuesday,49250.87,29526.29,17040.74,17235.95,51280.94857142858,41457.5,35235.149666666664
2011-09-21,48529.72,9,21,2,3,Wednesday,109553.9,55071.3,36898.35,19234.53,50346.43714285714,42288.31214285714,36211.656
2011-09-22,59220.41,9,22,3,3,Thursday,48529.72,23578.78,28321.06,53284.76,55438.09857142856,44495.40857142857,36409.511000000006
2011-09-23,40574.4,9,23,4,3,Friday,59220.41,78151.97,34413.53,54059.1,50069.874285714286,44935.47071428572,35960.02099999999
2011-09-25,31164.781,9,25,6,3,Sunday,40574.4,27720.27,27055.88,17336.07,50561.94728571428,45228.96364285715,36420.97803333333
2011-09-26,29270.841,9,26,0,3,Monday,31164.781,15639.55,30016.33,14420.27,52509.27457142858,45175.714428571424,36915.99706666667
2011-09-27,36260.91,9,27,1,3,Tuesday,29270.841,49250.87,35206.92,29645.54,50653.566,45250.999428571435,37136.5094
2011-09-28,43693.08,9,28,2,3,Wednesday,36260.91,109553.9,29526.29,25978.59,41244.877428571424,46262.913,37726.992399999996
2011-09-29,46343.35,9,29,3,3,Thursday,43693.08,48529.72,55071.3,48789.72,40932.538857142856,45639.488,37645.44673333333
2011-09-30,44347.06,9,30,4,3,Friday,46343.35,59220.41,23578.78,23773.43,38807.77457142858,47122.936571428574,38331.2344
2011-10-02,11531.56,10,2,6,4,Sunday,44347.06,40574.4,78151.97,25610.29,34658.79742857143,42364.335857142854,37861.943400000004
2011-10-03,66243.94,10,3,0,4,Monday,11531.56,31164.781,27720.27,10686.56,39670.10585714285,45116.02657142858,39713.85606666667
2011-10-04,48652.54,10,4,1,4,Tuesday,66243.94,29270.841,15639.55,31837.77,42438.92,47474.097285714284,40274.3484
2011-10-05,75460.77,10,5,2,4,Wednesday,48652.54,36260.91,49250.87,25367.22,48038.90000000001,49346.233,41944.133400000006
2011-10-06,62761.92,10,6,3,4,Thursday,75460.77,43693.08,109553.9,37358.62,50763.020000000004,46003.94871428572,42790.91006666667
2011-10-07,53692.5,10,7,4,4,Friday,62761.92,46343.35,48529.72,42226.28,51812.89857142857,46372.718714285715,43173.1174
2011-10-09,12273.1,10,9,6,4,Sunday,53692.5,44347.06,59220.41,17040.74,47230.904285714285,43019.339428571424,43014.19606666667
2011-10-10,48121.66,10,10,0,4,Monday,12273.1,11531.56,40574.4,36898.35,52458.06142857143,43558.42942857143,43388.3064
2011-10-11,52537.31,10,11,1,4,Tuesday,48121.66,66243.94,31164.781,28321.06,50499.971428571436,45085.038642857144,44195.51473333334
2011-10-12,32083.11,10,12,2,4,Wednesday,52537.31,48652.54,29270.841,34413.53,48132.909999999996,45285.91499999999,44117.83406666666
2011-10-13,37232.47,10,13,3,4,Thursday,32083.11,75460.77,36260.91,27055.88,42671.724285714285,45355.31214285714,44457.053733333334
2011-10-14,36294.58,10,14,4,4,Friday,37232.47,62761.92,43693.08,30016.33,38890.67571428572,44826.84785714286,44666.328733333336
2011-10-16,21767.94,10,16,6,4,Sunday,36294.58,53692.5,46343.35,35206.92,34330.02428571429,43071.461428571434,44218.362733333335
2011-10-17,51925.61,10,17,0,4,Monday,21767.94,12273.1,44347.06,29526.29,39994.66857142857,43612.78642857143,44965.006733333335
2011-10-18,45277.92,10,18,1,4,Tuesday,51925.61,48121.66,11531.56,55071.3,39588.42,46023.24071428571,44638.56073333333
2011-10-19,42467.72,10,19,2,4,Wednesday,45277.92,52537.31,66243.94,23578.78,38149.90714285714,44324.93928571428,45268.19206666666
2011-10-20,60969.14,10,20,3,4,Thursday,42467.72,32083.11,48652.54,78151.97,42276.48285714286,45204.69642857143,44695.431066666664
2011-10-21,63173.39,10,21,4,4,Friday,60969.14,37232.47,75460.77,27720.27,45982.32857142857,44327.02642857143,45877.20173333333
2011-10-23,12156.57,10,23,6,4,Sunday,63173.39,36294.58,62761.92,15639.55,42534.04142857143,40712.35857142857,45761.1024
2011-10-24,48335.52,10,24,0,4,Monday,12156.57,21767.94,53692.5,49250.87,46329.409999999996,40329.717142857146,45730.59073333334
2011-10-25,41192.55,10,25,1,4,Tuesday,48335.52,51925.61,12273.1,109553.9,44796.11571428571,42395.39214285714,43451.879066666675
2011-10-26,37729.47,10,26,2,4,Wednesday,41192.55,45277.92,48121.66,48529.72,43717.76571428571,41653.09285714285,43091.87073333334
2011-10-27,57201.78,10,27,3,4,Thursday,37729.47,42467.72,52537.31,59220.41,45822.63142857143,41986.26928571429,43024.583066666666
2011-10-28,40455.26,10,28,4,4,Friday,57201.78,60969.14,32083.11,40574.4,42892.077142857146,42584.280000000006,43020.61173333334
2011-10-30,34397.95,10,30,6,4,Sunday,40455.26,63173.39,37232.47,31164.781,38781.299999999996,42381.81428571428,43128.38403333334
2011-10-31,57327.45,10,31,0,4,Monday,34397.95,12156.57,36294.58,29270.841,45234.282857142854,43884.162142857145,44063.60433333334
2011-11-01,29091.9,11,1,1,4,Tuesday,57327.45,48335.52,21767.94,36260.91,42485.194285714286,44407.302142857145,43824.63733333333
2011-11-02,45690.08,11,2,2,4,Wednesday,29091.9,41192.55,51925.61,43693.08,43127.69857142858,43961.90714285714,43891.204000000005
2011-11-03,63425.47,11,3,3,4,Thursday,45690.08,37729.47,45277.92,46343.35,46798.555714285714,45258.16071428572,44460.608
2011-11-04,62594.590000000004,11,4,4,4,Friday,63425.47,57201.78,42467.72,44347.06,47568.95714285714,46695.79428571429,45068.859000000004
2011-11-06,42513.590000000004,11,6,6,4,Sunday,62594.590000000004,40455.26,60969.14,11531.56,47863.00428571428,45377.54071428572,46101.59333333333
2011-11-07,85705.3,11,7,0,4,Monday,42513.590000000004,34397.95,63173.39,66243.94,55192.625714285714,46986.962857142855,46750.30533333333
2011-11-08,57557.03,11,8,1,4,Tuesday,85705.3,57327.45,12156.57,48652.54,55225.42285714286,50229.852857142854,47047.121666666666
2011-11-09,65879.97,11,9,2,4,Wednesday,57557.03,29091.9,48335.52,75460.77,60480.861428571436,51483.02785714285,46727.761666666665
2011-11-10,70868.0,11,10,3,4,Thursday,65879.97,45690.08,41192.55,62761.92,64077.70714285715,53602.70285714286,46997.96433333333
2011-11-11,55107.87,11,11,4,4,Friday,70868.0,63425.47,37729.47,53692.5,62889.478571428575,54844.01714285715,47045.14333333333
2011-11-13,33878.15,11,13,6,4,Sunday,55107.87,62594.590000000004,57201.78,12273.1,58787.13,53178.04357142857,47765.31166666666
2011-11-14,114237.40000000001,11,14,0,4,Monday,33878.15,42513.590000000004,40455.26,48121.66,69033.38857142857,58448.19642857143,49969.16966666667
2011-11-15,60613.8,11,15,1,4,Tuesday,114237.40000000001,85705.3,34397.95,52537.31,65448.88857142858,60320.75714285715,50238.38599999999
2011-11-16,65672.53,11,16,2,4,Wednesday,60613.8,57557.03,57327.45,32083.11,66608.24571428572,60916.83428571429,51358.03333333333
2011-11-17,60901.32,11,17,3,4,Thursday,65672.53,65879.97,29091.9,37232.47,65897.01,63188.93571428571,52146.995
2011-11-18,51130.39,11,18,4,4,Friday,60901.32,70868.0,45690.08,36294.58,63077.351428571434,63577.529285714285,52641.522
2011-11-20,34509.21,11,20,6,4,Sunday,51130.39,55107.87,63425.47,21767.94,60134.68571428571,61512.08214285714,53066.23100000001
2011-11-21,49674.6,11,21,0,4,Monday,34509.21,33878.15,62594.590000000004,51925.61,62391.32142857143,60589.225714285705,52991.19733333333
2011-11-22,63863.48,11,22,1,4,Tuesday,49674.6,114237.40000000001,42513.590000000004,45277.92,55195.04714285715,62114.21785714286,53610.716
2011-11-23,79847.0,11,23,2,4,Wednesday,63863.48,60613.8,85705.3,42467.72,57942.647142857146,61695.767857142855,54856.692
2011-11-24,50759.21,11,24,3,4,Thursday,79847.0,65672.53,57557.03,60969.14,55812.172857142854,61210.20928571429,54516.361
2011-11-25,50690.4,11,25,4,4,Friday,50759.21,60901.32,65879.97,63173.39,54353.469999999994,60125.24,54100.261333333336
2011-11-27,20279.37,11,27,6,4,Sunday,50690.4,51130.39,70868.0,12156.57,49946.18142857143,56511.766428571435,54371.02133333333
2011-11-28,56965.73,11,28,0,4,Monday,20279.37,34509.21,55107.87,48335.52,53154.25571428572,56644.470714285715,54658.695
2011-11-29,72384.82,11,29,1,4,Tuesday,56965.73,49674.6,33878.15,41192.55,56398.572857142855,59394.94714285714,55698.43733333333
2011-11-30,60025.57,11,30,2,4,Wednesday,72384.82,63863.48,114237.40000000001,37729.47,55850.299999999996,55522.673571428575,56441.640666666666
2011-12-01,52068.63,12,1,3,4,Thursday,60025.57,79847.0,60613.8,57201.78,51881.96142857143,54912.30428571429,56270.53566666666
2011-12-02,57476.48,12,2,4,4,Friday,52068.63,50759.21,65672.53,40455.26,52841.571428571435,54326.87214285714,56837.90966666667
2011-12-04,24477.47,12,4,6,4,Sunday,57476.48,50690.4,60901.32,34397.95,49096.86714285715,51725.16857142857,56507.227
2011-12-05,88620.84,12,5,0,4,Monday,24477.47,20279.37,51130.39,57327.45,58859.93428571429,54403.05785714286,57550.34
2011-12-06,56558.83,12,6,1,4,Tuesday,88620.84,56965.73,34509.21,29091.9,58801.805714285714,55978.03071428572,58465.90433333334
2011-12-07,75315.55,12,7,2,4,Wednesday,56558.83,72384.82,49674.6,45690.08,59220.48142857143,57809.52714285715,59453.420000000006
2011-12-08,82371.55,12,8,3,4,Thursday,75315.55,60025.57,63863.48,63425.47,62412.76428571429,59131.53214285714,60084.956000000006
2011-12-09,200900.97999999998,12,9,4,4,Friday,82371.55,52068.63,79847.0,62594.590000000004,83674.52857142857,67778.245,64695.168999999994
